likes,about_post,date
"852,000 views","virat.kohli
Verified
Designed for men who mean business.ğŸ˜ The no gas range by #one8fragrances. Get them from the link in bio now! @flipkart @scentials_world @one8world
2h",2 HOURS AGO
"1,338,824 likes","virat.kohli
Verified
Conquer the world one step at a time with Casual Footwear from Wrogn ğŸ‘ @myntra
Visit the link in bio to check out these fab footwear styles and walk the Wrogn path with me! @staywrogn #staymad #staywrogn
2d",2 DAYS AGO
"5,571,786 views","virat.kohli
Verified
Love test cricket practice sessions â¤ï¸ğŸ’™
2d",2 DAYS AGO
"3,893,238 likes","virat.kohli
Verified
Quarantine diaries. Un-ironed T-shirt, comfortable couch and a good series to watch. ğŸ‘Œ
3d",3 DAYS AGO
"1,329,687 likes","virat.kohli
Verified
A real hero never stops protecting oneself, so that others stay protected.ğŸ’ª Choose Vize to stay safe and unbeaten. Because when you do, so does India. @vizecare #VizeCare #StayUnbeaten #YouAreTheHero
4d",4 DAYS AGO
"2,741,090 likes","virat.kohli
Verified
Happy Diwali ğŸ™ğŸ» #ShubhDiwali2020 #ReelsWaliDiwali
6d",6 DAYS AGO
"3,289,290 views","virat.kohli
Verified
Feed your immune system through a balanced diet and a complete supplement like #wellman. ğŸ’ª
Stay Fit. Stay Safe. Stay Healthy. @wellmanin #VitaminsForMen
1w",NOVEMBER 12
"4,023,362 likes","virat.kohli
Verified
En route ğŸ‡¦ğŸ‡º @indiancricketteam
1w",NOVEMBER 11
"4,466,244 likes","virat.kohli
Verified
Together through the highs and lows. It's been a great journey for us as a unit. Yes things did not go our way but proud of the whole group. Thank you to all our fans for your support. Your love makes us stronger. See you all soon. #PlayBold @royalchallengersbangalore â¤ï¸
1w",NOVEMBER 6
"3,146,561 likes","virat.kohli
Verified
Group stage done âœ…
ğŸ‘€ on the playoffs now #PlayBold @royalchallengersbangalore
2w",NOVEMBER 2
"2,910,448 likes","virat.kohli
Verified
Real fun is in a real challenge. ğŸ•˜ @royalchallengersbangalore
2w",NOVEMBER 1
"2,412,517 likes","virat.kohli
Verified
Not the result we wanted. We continue the work. Focus on the next one. #PlayBold @royalchallengersbangalore
3w",OCTOBER 28
"1,096,604 likes","virat.kohli
Verified
A timeless classic in a world of trends. ğŸ‘Œ one8 blends - Noir, can be yours from the #LinkinBio

#one8fragrances @scentials_world @one8world @flipkart
3w",OCTOBER 27
"2,403,937 likes","virat.kohli
Verified
Onto the next. Learn and move. #PlayBold
@royalchallengersbangalore
3w",OCTOBER 25
"2,392,173 views","virat.kohli
Verified
Here's my #Karare take on the cricketing season! ğŸ˜‰ Make every match more crunchy, munchy, and masaledaar. Toh stock up on Too Yumm! #Karare aur #LoopMeinKhao ğŸ ğŸ”¥ @tooyumm
4w",OCTOBER 23
"3,611,711 likes","virat.kohli
Verified
This pic takes me back to school days. 4 guys from the same class, and AB is the kid who's finished homework and is prepared and the other 3 know they are in trouble ğŸ˜‚
4w",OCTOBER 22
"3,041,069 likes","virat.kohli
Verified
We keep moving forward as a unit. #PlayBold
@royalchallengersbangalore
4w",OCTOBER 21
"2,548,098 views","virat.kohli
Verified
Some see a design, We see a personality.ğŸ‘Œ
India, the ultimate all-rounder is here. #AudiQ2 #FutureIsAnAttitude @audiin
4w",OCTOBER 20
"5,198,691 views","virat.kohli
Verified
All set ğŸŸï¸ @muveacoustics_india
4w",OCTOBER 19
"2,561,333 views","virat.kohli
Verified
Check out ğŸ›’â¡ï¸ my collection of Wrogn casual footwear exclusively on @flipkart ! Go grab them at never before prices only on the #TheBigBillionDays sale. ğŸ˜

Hit the link in my bio!

#StayMad #StayWrogn #Flipkart #BigBilliondaysSpecials @staywrogn
4w",OCTOBER 19
"5,485,504 likes","virat.kohli
Verified
â¤ï¸ğŸŒ… pic credit - @abdevilliers17 ğŸ˜ƒ
4w",OCTOBER 18
"3,184,630 views","virat.kohli
Verified
Experience what comfort feels like with @one8.innerwear ğŸ˜.

Head to the link in bio, to check out the #BigBillionDays special #one8 innerwear and bottom wear range, exclusive on @flipkart ğŸ˜‰ @one8world
4w",OCTOBER 18
"3,257,987 likes","virat.kohli
Verified
Spirited performance and a fantastic win. Proud of this team.ğŸ™Œ @royalchallengersbangalore #PlayBold
4w",OCTOBER 17
"684,686 likes","virat.kohli
Verified
Match-ready, sale ready. ğŸ˜
The @flipkart #BigBillionDays sale is live.
Happy shopping!
4w",OCTOBER 16
"2,091,985 likes","virat.kohli
Verified
Onto the next ğŸ•˜ @royalchallengersbangalore
5w",OCTOBER 16
"4,727,240 views","virat.kohli
Verified
#UnitedInSport

In conversation with @Pepteam, all thanks to @PumaIndia ğŸ™ŒğŸ¼
5w",OCTOBER 14
"3,184,430 likes","virat.kohli
Verified
A timeline for optimum output game after game. Play â¡ï¸ recoverâ¡ï¸ priming(prep) â¡ï¸ play. Never under estimate the importance of a routine.
5w",OCTOBER 14
"3,223,000 likes","virat.kohli
Verified
Tremendous effort by the boys. We march on. ğŸ‘ğŸ» #PlayBold @royalchallengersbangalore
5w",OCTOBER 12
"1,225,131 likes","virat.kohli
Verified
Canâ€™t wait! Join me as I go live for the first time ever with some of the greats of the #PUMAFam on 14TH October at 6:00 PM IST ğŸ‘€ @pumaindia #UnitedInSport @pepteam @mcmary.kom @chetri_sunil11 @rahulkl
5w",OCTOBER 11
"3,736,993 likes","virat.kohli
Verified
Great win and most importantly a complete team effort. ğŸ‘ #PlayBold @royalchallengersbangalore
5w",OCTOBER 10
"2,680,288 likes","virat.kohli
Verified
ğŸ•˜
6w",OCTOBER 9
"4,361,898 views","virat.kohli
Verified
I am proud to support the launch of The @earthshotprize ğŸ‘ğŸ».

It is the most prestigious global environment prize in history, incentivising worldwide change with a decade of action to repair our planet ğŸŒ.
@kensingtonroyal

Follow @earthshotprize to find out more.
6w",OCTOBER 8
"3,994,386 views","virat.kohli
Verified
Hey guys, I am happy to share one of my health hacks with you, #Wellman! It has been my daily supplement for more than 3 years now and with just one Wellman Tablet every day, I am able to boost my energy, support my immune system and get all the necessary nutrients that my body really needs. ğŸ’ªğŸ¼

So get yours now and never compromise on what you feed your body and mind. ğŸ‘ŠğŸ¼

#tablets #vitabiotics @wellmanin
6w",OCTOBER 7
"2,375,504 likes","virat.kohli
Verified
Happy bday hulk ğŸ¥³ Had to post this one again for your bday because you're always grumpy and never take pictures ğŸ˜‚ @buntysajdeh
6w",OCTOBER 6
"2,889,624 views","virat.kohli
Verified
Fire on ice, these boots from @pumaindia mean serious business ğŸ˜ #one8 #playtoslay #IPL2020 @one8world
6w",OCTOBER 4
"3,441,735 likes","virat.kohli
Verified
Solid team effort. Let's keep working hard. ğŸ’ªğŸ’ª @royalchallengersbangalore #PlayBold
6w",OCTOBER 3
"3,040,083 likes","virat.kohli
Verified
The most special thing about sport is the friendship and mutual respect you share with your teammates along your journey.
Sport is beautiful ğŸ˜‡
7w",OCTOBER 1
"2,054,599 views","virat.kohli
Verified
Iâ€™m thrilled to announce that Wrogn, is now available in the UAE and Saudi Arabia ğŸ™Œ! So, guys, get on the WROGN side with me! Hit the link in my bio and check out the entire collection today. ğŸ‘ğŸ˜‰
#StayMad #StayWrogn @staywrogn
7w",SEPTEMBER 30
"3,019,935 views","virat.kohli
Verified
#MyCovidHeroes

Royal Challenge Sports Drinks celebrates the challenger spirit of those who rose to incredible challenges to pull off extraordinary feats.ğŸ‘ğŸ» This year we donâ€™t just play for pride and glory. We play to tell their stories. #MyCovidHeroes #WeAreChallengers @rcchallengeaccepted @royalchallengersbangalore
7w",SEPTEMBER 29
"3,737,371 likes","virat.kohli
Verified
Thrilling game of cricket. Proud of the character shown by the team. ğŸ’ªğŸ’ª @royalchallengersbangalore #PlayBold
7w",SEPTEMBER 29
"2,354,788 likes","virat.kohli
Verified
Unity is the vehicle, desire is the fuel.
7w",SEPTEMBER 26
"2,088,511 views","virat.kohli
Verified
Play your best, the #one8 way. ğŸ˜‰ #one8 fragrances, your secret to confidence!
Go get them today! #LinkInBio @scentials_world @one8world
7w",SEPTEMBER 26
"10,023,359 views","virat.kohli
Verified
Putting in some daily work to prepare for this heat ğŸ”¥. Btw pls tag and ask @tipo_morris why he's making those sounds in the background ğŸ˜‚.
8w",SEPTEMBER 23
"3,932,188 likes","virat.kohli
Verified
ğŸ‘ğŸ•˜
8w",SEPTEMBER 23
"3,441,660 views","virat.kohli
Verified
I'm glad that cricket is back, ğŸ™Œ and here's how you can double the excitement with @plaympl ! Grab The MPL Rs. 99 T20 Season Ticket, and get free entry in contests for every match for the full tournament! Available for a limited time, so visit the link in bio and get your ticket today!ğŸ˜‰
8w",SEPTEMBER 22
"3,660,210 likes","virat.kohli
Verified
Off to a great start. Well done lads. We march on ğŸ’ªğŸ’ª #PlayBold @royalchallengersbangalore
8w",SEPTEMBER 22
"2,632,001 likes","virat.kohli
Verified
Brothers in the air ğŸ˜ƒ @abdevilliers17
8w",SEPTEMBER 19
"4,513,150 views","virat.kohli
Verified
#Repost @googleindia
@anushkasharma and I never miss a moment to get together with our close ones, even while staying apart. â¤ï¸
8w",SEPTEMBER 19
"5,840,515 views","virat.kohli
Verified
The new RCB Anthem is here! ğŸ‘ŠğŸ¼

It celebrates our fans, who we proudly call our 12th Man, and emphasises on the #PlayBold attitude & the Challenger Spirit that we believe in. Canâ€™t wait to get on the field! ğŸ˜

#RCB #WeAreChallengers
8w",SEPTEMBER 18
"3,515,812 views","virat.kohli
Verified
Presenting my signature style, for the #SELFMADEâœŒğŸ¼

I have teamed up with @philipsindia to celebrate the stories of Indians who are #SelfMade ğŸ‘ŠğŸ¼

Everyone has a story, so share yours by posting your picture tagging @philipsindia and me to get a chance to get featured on their Instagram page.

Inspire the world with your success stories. ğŸ™ŒğŸ¼
9w",SEPTEMBER 17
"4,556,503 likes","virat.kohli
Verified
A proper day at the pool yesterday ğŸ˜ƒğŸŠ
9w",SEPTEMBER 16
"2,776,797 likes","virat.kohli
Verified
Focus ğŸ‘ï¸ğŸ¯
9w",SEPTEMBER 14
"2,955,387 views","virat.kohli
Verified
Jo seekhta hai, wahi career me aage badta hai.ğŸ‘ğŸ»

I'm excited to partner with @greatlearningofficial , India's leading provider for online professional & higher education. Log onto Great Learning and power your career with online programs from the world's best universities. Check the Link in Bio.

#ViratForGreatLearning #ViratOnCareers #PowerAhead
9w",SEPTEMBER 14
"2,835,267 likes","virat.kohli
Verified
When you're having fun, each moment becomes magical @royalchallengersbangalore
9w",SEPTEMBER 12
"8,412,369 views","virat.kohli
Verified
It's the small details that matter ğŸ‘Œ. For me even couple of centimeters are crucial for the balance of a bat. I LOVE taking care of my bats ğŸ˜
9w",SEPTEMBER 11
"2,781,067 views","virat.kohli
Verified
Wrogn Footwear just launched on @flipkart and Iâ€™m really excited to share this with you guys! ğŸ¤©

Hit the link in my bio and get ready to get your #WrognFootForward! @staywrogn
10w",SEPTEMBER 10
"3,154,071 views","virat.kohli
Verified
Another productive day training. ğŸA few days more. â³
10w",SEPTEMBER 9
"1,769,001 likes","virat.kohli
Verified
Off to a great start with @one8.innerwear ğŸ’ª

Check the entire collection today.
ğŸ„»ğŸ„¸ğŸ„½ğŸ„º ğŸ„¸ğŸ„½ ğŸ„±ğŸ„¸ğŸ„¾

@one8world #one8
10w",SEPTEMBER 7
"2,830,809 likes","virat.kohli
Verified
âš½ğŸ˜ğŸ˜ƒ @royalchallengersbangalore
10w",SEPTEMBER 7
"2,777,149 likes","virat.kohli
Verified
A teacher gives you many valuable lessons in your journey. Forever grateful for the ones I got from my coach Mr. Rajkumar Sharma ğŸ™ŒğŸ˜‡. Happy Teacher's Day to all the teachers who've guided their students in their journeys.
10w",SEPTEMBER 5
"3,129,240 views","virat.kohli
Verified
The spirit of performance... bottled!
Amazing combos. Shot down prices. ğŸ‘Œ

Get them now! #linkinbio

@flipkart @scentials_world #one8fragrances
10w",SEPTEMBER 5
"5,017,155 views","virat.kohli
Verified
Nothing like a proper cricketing shotâš¡
11w",SEPTEMBER 3
"3,038,377 likes","virat.kohli
Verified
Proper session + proper humidity + great recovery = ğŸ˜ @royalchallengersbangalore
11w",SEPTEMBER 3
"3,740,744 views","virat.kohli
Verified
We may be challengers on-the-field, but who are the real challengers off the field? Stay tuned to know more!

#WeAreChallengers #ChallengeAccepted #RealChallengers @rcchallengeaccepted
11w",SEPTEMBER 3
"2,736,822 likes","virat.kohli
Verified
Wishing you a very Happy Birthday @ishant.sharma29 . Have a wonderful and successful year ahead. Enjoy the day. ğŸ‚ğŸ‰
11w",SEPTEMBER 2
"3,391,833 likes","virat.kohli
Verified
Another top session last night. ğŸ‘ŠğŸ˜ƒ
@royalchallengersbangalore
11w",SEPTEMBER 1
"4,763,498 views","virat.kohli
Verified
India, we got this right? Upload a picture or video of yourself playing a sport, working out or anything that you feel shows your sporting spirit; with #UnitedInSport and tag @pumaindia . ğŸ™ŒğŸ¼ Send in your best entries to win amazing PUMA gear. ğŸ¤©
11w",AUGUST 30
"2,156,203 likes","virat.kohli
Verified
Simply the greatest there ever is ğŸ™ #NationalSportsDay #1936 #UnitedinSport #India #Gold
11w",AUGUST 29
"5,414,113 likes","virat.kohli
Verified
Been 5 months since the last time I stepped onto the field. Felt like 6 days when I got into the nets ğŸ˜ƒ. Great first session with the boys ğŸ‘Š@royalchallengersbangalore
11w",AUGUST 29
"15,041,488 views","virat.kohli
Verified
Situations change but your missions donâ€™t ğŸ¯. Check out @one8.innerwear from the Link in Bio ğŸ˜‰
12w",AUGUST 28
"11,767,705 likes","virat.kohli
Verified
And then, we were three! Arriving Jan 2021 â¤ï¸ğŸ™
12w",AUGUST 27
"5,056,953 likes","virat.kohli
Verified
Minions and a view. Can't be wrogn ğŸ˜‰ğŸ˜ƒ
12w",AUGUST 24
"2,178,913 likes","virat.kohli
Verified
It is time to step up and do our bit for the ones in need. Register yourself for INDIA RUN AS ONE initiative on in.puma.com today.ğŸ‘ğŸ»

You can also get your gear from the India Run as One collection at your nearest PUMA store, in.puma.com and @flipkart

@pumaindia #MoveForGood #Livelihoodsmatter #PUMARunForGood
12w",AUGUST 23
"5,919,100 likes","virat.kohli
Verified
Hello Dubai ğŸ˜ğŸ•˜ğŸ‘€
12w",AUGUST 21
"4,889,154 views","virat.kohli
Verified
Guys, the Wrogn x Minions collection is here and itâ€™s #PHENOMINION! ğŸ‘Œ

Donâ€™t believe me? Hit the link in my bio and see for yourselves! ğŸ˜‰

#staymad #staywrogn @staywrogn
13w",AUGUST 21
"8,882,707 views","virat.kohli
Verified
Ready. Let's Go!! ğŸ‘Š @one8world #Throwback
13w",AUGUST 20
"4,575,083 likes","virat.kohli
Verified
12 years. Time flies. Forever grateful ğŸ‡®ğŸ‡³
13w",AUGUST 18
"11,300,004 views","virat.kohli
Verified
Thank you for these moments skip.

I couldn't explain the mutual trust, respect and understanding we share better than these two videos I'm posting here today.
The first one explains perfectly well who he is , selfless in the most intense moments.
The second one is about the kind of trust & chemistry we had over the years while batting together. In this moment I was only focused on his call & I knew we both would be able to make those 2 runs because of the trust we shared in one another. He called & I put my head down and ran !
Mutual respect and understanding isn't a thing of chance, it develops naturally when two individuals are aligned & have the same vision and for us, that vision was always to make India win ! Thank you for all these memories skip. ğŸ‡®ğŸ‡³ğŸ’™@mahi7781

video credit- @starsportsindia @icc
13w",AUGUST 16
"7,232,773 likes","virat.kohli
Verified
Every cricketer has to end his journey one day, but still when someone you've gotten to know so closely announces that decision, you feel the emotion much more. What you've done for the country will always remain in everyone's heart, but the mutual respect and warmth I've received from you will always stay in mine. The world has seen achievements, I've seen the person. Thanks for everything skip. I tip my hat to you ğŸ‘ğŸ‡®ğŸ‡³ @mahi7781
13w",AUGUST 15
"4,393,103 likes","virat.kohli
Verified
Wishing everyone a Happy Independence Day! ğŸ‡®ğŸ‡³ God bless our great nation and its countrymen especially the ones who are away from their families, fighting on the front lines to keep us safe. Jai Hind.
13w",AUGUST 15
"14,578,137 views","virat.kohli
Verified
#TakeABreak

Find out who knows who better, in this fun and interactive #TakeABreak session with us. Hope you guys enjoy it and figure out who the winner is because I couldn't! ğŸ¤­ @anushkasharma â¤ï¸ @instagram
14w",AUGUST 12
"1,464,414 likes","virat.kohli
Verified
It's here, it's yellow and it's Phenominion! ğŸ˜€

Guys, Iâ€™m so excited to announce the Wrogn x Minions collection. I love each and every style and Iâ€™m sure you will too. Hit the link in my bio now to check it out! ğŸ‘ğŸ»

@staywrogn #staymad #staywrogn #Phenominion
14w",AUGUST 11
"5,632,532 views","virat.kohli
Verified
Loyalty above everything. Can't wait for what's to come. ğŸ•˜
14w",AUGUST 9
"7,481,691 views","virat.kohli
Verified
ğŸ‹ğŸ» @one8world
14w",AUGUST 8
"3,118,376 views","virat.kohli
Verified
Wear your vibe with #one8fragrances.ğŸ•´ï¸
Get them on #FlipkartBigSavingDays from 6th to11th of August!

#linkinbio @flipkart @scentials_world
15w",AUGUST 6
"3,766,718 likes","virat.kohli
Verified
â³ğŸ•˜.
15w",AUGUST 4
"4,171,758 likes","virat.kohli
Verified
If you're true to yourself, you won't fear anything.
15w",AUGUST 1
"3,942,417 views","virat.kohli
Verified
#WeAreTogetherForAssamAndBihar

Our countrymen need us in these troubled times. Let's do our part in helping them.
@cornerstoneway @theawarefoundation
15w",JULY 31
"2,014,274 likes","virat.kohli
Verified
#WeAreTogetherForAssamAndBihar

Our countrymen need us in these troubled times. Let's do our part in helping them.
@cornerstoneway @theawarefoundation
15w",JULY 30
"4,764,525 likes","virat.kohli
Verified
Throwback to when you could just climb up a tree and chill ğŸ¤™ğŸ˜ƒ
16w",JULY 28
"5,452,021 views","virat.kohli
Verified
Restock and recharge!
Your favourite one8 perfume pocket sprays now available! ğŸ˜ #linkinbio @scentials_world
16w",JULY 27
"7,452,390 views","virat.kohli
Verified
ğŸ˜‰ğŸ‘ŒğŸ‘ #Throwback
16w",JULY 26
"1,879,877 likes","virat.kohli
Verified
An electrifying catch âš¡ âš¡ âš¡, this shoe is dialed ğŸ†™ to turn the match on its head #one8 @pumaindia
17w",JULY 24
"3,398,929 likes","virat.kohli
Verified
2008 ğŸ¤œğŸ¤›2020
.
With many learnings along the way, I'm grateful for your love and support you guys have shown me. â™¥ï¸ Here's to the #1000thPost
17w",JULY 23
"3,666,896 views","virat.kohli
Verified
NEVER HAVE I EVER.
.
.
.
.
.
.
.
Missed a workout (at home).ğŸ˜ As your kids stay home and continue learning, it's important that they stay fit as well. The last assignment from #CampGoogle2020 is here! Just make sure your child completes their assignments before July 25th... and they might just get a chance to have a virtual meet and greet with me. Head to the link in bio. @googleindia
17w",JULY 22
"2,548,211 views","virat.kohli
Verified
Animal endangerment is a pressing issue and I know it bothers all of us! How â€˜bout we wear our cause and wear it with pride? Whatâ€™s say guys? ğŸ˜Š Check out the Wrogn Collection on Wildlife in the link in my bio and wear your cause, like I am! @staywrogn
17w",JULY 21
"3,997,421 likes","virat.kohli
Verified
ğŸŒ…
17w",JULY 20
"876,976 likes","virat.kohli
Verified
Super excited to meet the young campers of #CampGoogle2020! ğŸ˜ƒ If your kid isnâ€™t a part of Camp Google yet, head over to the website and get started on all the fun-tastic learning assignments they have in store. And when the assignments are all in place, we might just get to exchange a few stories over a video call! ğŸ˜Š Get started, now. Head to the link in bio.. @googleindia
18w",JULY 15
"3,020,951 likes","virat.kohli
Verified
Keep MUVING ğŸƒ @muveacoustics_
18w",JULY 13
"3,565,410 likes","virat.kohli
Verified
A kind neighbour who lives 500 m away from us brought us some home made neer dosas and made us smile. A big Thank you to your mom amigo we haven't had such delicious dosas for a longgg time. Hope you enjoyed the mushroom biriyani we sent back. ğŸ˜ƒ Good man @shreyas41 . P.S- these are the new picture norms with social distancing ğŸ¤™ğŸ˜
19w",JULY 8
"4,096,968 likes","virat.kohli
Verified
Happy b'day Mahi bhai. Wish you good health and happiness always. God bless you ğŸ™ğŸ˜ƒ
19w",JULY 7
"8,609,976 views","virat.kohli
Verified
If I had to make a choice of one exercise to do everyday, this would be it. Love the power snatch ğŸ’ªğŸ˜ƒ
19w",JULY 3
"10,200,757 views","virat.kohli
Verified
Hey H @hardikpandya93 loved your fly push ups ğŸ’ªğŸ˜. Here's adding a little clap to it ğŸ˜‰.
20w",JULY 2
"2,275,024 likes","virat.kohli
Verified
Throwback to this very special and important test in our journey as the test team that we are today. Adelaide 2014 was a game filled with emotion on both sides and an amazing one for people to watch too. Although we didn't cross the line being so close, it taught us that anything is possible if we put our mind to it because we committed to doing something which seemed very difficult to begin with but almost pulled it off. All of us committed to it. This will always remain a very important milestone in our journey as a test side. ğŸ‡®ğŸ‡³ğŸ’™
20w",JUNE 30
"4,501,434 views","virat.kohli
Verified
Do try this at home! ğŸ˜„
Link in bio #one8Fragrances
21w",JUNE 26
"1,515,607 likes","virat.kohli
Verified
Loved this moving story told in a brilliant way. Bhai behen on fire @anushkasharma @kans26 ğŸ˜ƒâ¤ï¸. Out now, please don't miss it guys. @officialcsfilms
21w",JUNE 24
"3,104,152 likes","virat.kohli
Verified
Nothing comes close to playing an intense game in whites. What a blessing to be able to play test cricket for India. ğŸ‡®ğŸ‡³ğŸ’™
21w",JUNE 24
"2,006,342 views","virat.kohli
Verified
Here's what I'm doing when I'm not training. Gaming on the MPL App! ğŸ¤“ Play all your favourites out of more than 40 games available on the app and don't forget to create your Fantasy teams on @plaympl as well. ğŸ‘ŠğŸ¼ Download now. Link in Bio.
21w",JUNE 23
"3,198,813 likes","virat.kohli
Verified
Throwback to when you could go to such beautiful spots in nature. Just to be able to sit together and just soak it all in. With my one and only â¤ï¸â¤ï¸â¤ï¸
21w",JUNE 22
"3,027,172 likes","virat.kohli
Verified
This father's day, I urge you all to be grateful for the love of your father but always look for your own path to move forward in life. You'll never have to look behind because they're always watching over you whether they're physically there or not. Happy father's day ğŸ˜ŠğŸ’›
21w",JUNE 21
"4,176,550 likes","virat.kohli
Verified
Great weather in Mumbai. Sitting out enjoying the beginning of my first proper experience of Mumbai monsoon. Couldn't be a better time to start reading something. ğŸŒ§ï¸ğŸ“–
22w",JUNE 18
"2,487,107 likes","virat.kohli
Verified
No one is more brave than a soldier. Our deepest respect and prayers should be with them. We pray for their families that God gives them peace in these devastating times for them. ğŸ™
22w",JUNE 17
"1,294,816 likes","virat.kohli
Verified
Keeping myself fully charged âš¡âš¡âš¡ with the LQDCELL Hydra #one8. @pumaindia
22w",JUNE 14
"3,784,833 likes","virat.kohli
Verified
ğŸ’­
23w",JUNE 12
"3,256,659 likes","virat.kohli
Verified
Don't be scared to be wrogn. ğŸ‘Š
23w",JUNE 11
"1,610,034 likes","virat.kohli
Verified
With the little monsters, GAME MODE is always ğŸ”›. #one8kids @pumaindia
23w",JUNE 11
"4,002,330 views","virat.kohli
Verified
The Wrogn Throwaway Festival is live on Myntra.com
.
Go go go! Grab your favourite styles at flat 50% off! .
#LinkInBio #StayMad #StayWrogn @StayWrogn
23w",JUNE 8
"7,854,652 views","virat.kohli
Verified
Caption this! ğŸ’­
23w",JUNE 7
"1,960,797 likes","virat.kohli
Verified
Inspired by the love of the game ğŸ, the Basket and Smash #one8 sneakers have a special place in my heart. #one8 @pumaindia Collection link in bio
24w",JUNE 5
"3,558,858 likes","virat.kohli
Verified
Appalled to hear about what happened in Kerala. Let's treat our animals with love and bring an end to these cowardly acts.
24w",JUNE 3
"3,179,166 views","virat.kohli
Verified
ThrowğŸ”™ to a fun shoot with @pumaindia for #one8

Canâ€™t wait for you to see what weâ€™ve created. Available to shop on https://go.puma.com/vk ğŸ‘€. #BTS @pumaindia
24w",JUNE 2
0,"virat.kohli
Verified
ThrowğŸ”™ to a fun shoot with @pumaindia for #one8

Canâ€™t wait for you to see what weâ€™ve created. Available to shop on https://go.puma.com/vk ğŸ‘€. #BTS @pumaindia
24w",not known
0,"virat.kohli
Verified
ThrowğŸ”™ to a fun shoot with @pumaindia for #one8

Canâ€™t wait for you to see what weâ€™ve created. Available to shop on https://go.puma.com/vk ğŸ‘€. #BTS @pumaindia
24w",not known
"3,369,014 likes","virat.kohli
Verified
Throwback ğŸ‘€
25w",MAY 24
"2,883,517 likes","virat.kohli
Verified
Love our chats . Good man @kane_s_w
26w",MAY 22
"7,591,470 views","virat.kohli
Verified
Earn it. Don't demand it.
26w",MAY 19
"2,521,998 likes","virat.kohli
Verified
No need to look back. As we move only one way - AHEAD.
26w",MAY 17
"2,748,456 likes","virat.kohli
Verified
Having watched the whole season of PAATAL LOK a while ago, I knew it's a masterpiece of story telling, screenplay and tremendous acting. Now having seen how people loved it too, just confirmed how I saw the show ğŸ‘ğŸ‘. Proud of my love @anushkasharma for producing sucha gripping series and believing in her team along with our bhaiji @kans26 . Well done brother ğŸ˜ƒğŸ™ğŸ’¯
26w",MAY 16
"2,347,861 likes","virat.kohli
Verified
Putting in the work is a way of life and not a requirement of profession. Choice is yours.
26w",MAY 15
0,"virat.kohli
Verified
Putting in the work is a way of life and not a requirement of profession. Choice is yours.
26w",not known
"3,298,146 likes","virat.kohli
Verified
Throwback To the soft winds , rustle of trees , touch of that winter snow .... All things we are eternally grateful for. Like we have always been ğŸ™‡â€â™‚ï¸ğŸ™â¤ï¸
27w",MAY 9
"3,655,729 likes","virat.kohli
Verified
ğŸŒ…
27w",MAY 8
"2,575,031 likes","virat.kohli
Verified
Rest in peace my Bruno. Graced our lives with love for 11 years but made a connection of a lifetime. Gone to a better place today. God bless his soul with peace ğŸ™â¤ï¸
28w",MAY 6
"2,529,661 likes","virat.kohli
Verified
First session after lockdown be like ğŸ‘€ @cheteshwar_pujara I hope you will go for the ball pujji ğŸ˜œğŸ˜œ
28w",MAY 5
0,"virat.kohli
Verified
First session after lockdown be like ğŸ‘€ @cheteshwar_pujara I hope you will go for the ball pujji ğŸ˜œğŸ˜œ
28w",not known
"688,895 likes","virat.kohli
Verified
Two weeks ago, we started work on Indiaâ€™s biggest concert. To entertain people who are locked-down at home. To pay tribute to those who work on the frontlines while we work from home. And to raise funds for those who have no work and no home. And when we were just days away from the concert, we lost two of our leading lights: #IrrfanKhan and #RishiKapoor. A stark reminder that life is fleeting. We must play our part. And keep the show going. So with a prayer in our hearts and a song on our lips, we bring you #IFORINDIA the concert for our times. 3rd May, 7:30pm IST. Watch it LIVE worldwide on Facebook. 100% of proceeds go to the India COVID Response Fund set up by @give_india
Tune in.
Donate now.
Do your bit.
Link in bio. #SocialForGood
28w",MAY 2
"5,296,649 likes","virat.kohli
Verified
You my love bring light into this world. And you light up my world everyday. I love you â¤ï¸
28w",MAY 1
"2,514,529 likes","virat.kohli
Verified
I'm glad to be doing this with my very dear friend @abdevilliers17 . All details are mentioned below and more will be communicated in time. ğŸ™ğŸ¼ğŸ˜Š #Repost @abdevilliers17
ãƒ»ãƒ»ãƒ»
Cricket has given me many incredible memories - and, among the most precious, stands the partnership with @virat.kohli , playing for RCB and against Gujarat Lions in 2016.

Everything clicked on what was a truly unforgettable night at the IPL. The capacity crowd at the M. Chinnaswamy stadium were going crazy, and we both scored centuries in a partnership of 229 runs from 96 balls. More importantly, RCB won the match by 144 runs.

Now we find ourselves in a global crisis caused by the Covid-19 pandemic, and Virat and I would like to help people in need, people struggling to put food on the table.

So we are donating some of the key items from that special day in 2016 - Viratâ€™s bat and gloves, my shirt and bat - and creating one unique auction item, on the Bid or Buy online platform(link in my bio-type key words in the search button to find the piece). All money raised will be donated to charities supporting people most severely affected by the crisis, split 50/50 between charities working in SA and India.

Immediately after the auction closes on 10 May, 2020, I will personally contact the winner and make arrangements for the package to be delivered to your home.

Take care and stay safe.
29w",APRIL 27
0,"virat.kohli
Verified
I'm glad to be doing this with my very dear friend @abdevilliers17 . All details are mentioned below and more will be communicated in time. ğŸ™ğŸ¼ğŸ˜Š #Repost @abdevilliers17
ãƒ»ãƒ»ãƒ»
Cricket has given me many incredible memories - and, among the most precious, stands the partnership with @virat.kohli , playing for RCB and against Gujarat Lions in 2016.

Everything clicked on what was a truly unforgettable night at the IPL. The capacity crowd at the M. Chinnaswamy stadium were going crazy, and we both scored centuries in a partnership of 229 runs from 96 balls. More importantly, RCB won the match by 144 runs.

Now we find ourselves in a global crisis caused by the Covid-19 pandemic, and Virat and I would like to help people in need, people struggling to put food on the table.

So we are donating some of the key items from that special day in 2016 - Viratâ€™s bat and gloves, my shirt and bat - and creating one unique auction item, on the Bid or Buy online platform(link in my bio-type key words in the search button to find the piece). All money raised will be donated to charities supporting people most severely affected by the crisis, split 50/50 between charities working in SA and India.

Immediately after the auction closes on 10 May, 2020, I will personally contact the winner and make arrangements for the package to be delivered to your home.

Take care and stay safe.
29w",not known
"2,084,955 likes","virat.kohli
Verified
Going live tomorrow at 630 pm, here on Instagram, with my friend AB. Watch us talk about keeping a positive mindset in tough times, current situation world over and THAT 2016 season and this special game in the green jersey. Also there is a surprise from that game coming your way too. See you all tomorrow at 630 pm. ğŸ˜Š
30w",APRIL 23
"1,782,355 likes","virat.kohli
Verified
50,000+ Unacademy Learners! Safe to say that our first ever Live Class @unacademy was a smashing success! ğŸ™ŒğŸ¼ Have hit sixes on the field before, but knocking this one out of the park was truly exciting. ğŸ˜Š To all of you, keep dreaming, and keep cracking it! ğŸ‘ŠğŸ¼ #letscrackit #learnfromhome #legendsonunacademy
30w",APRIL 21
"1,051,897 likes","virat.kohli
Verified
Dreams have the power to battle all odds! Excited to share our story and the lessons life has taught us, with you, as we take our first ever Live Class. Join us at 6 PM tomorrow! Enroll Now on @unacademy @anushkasharma

#letscrackit #legendsonunacademy #learnfromhome
30w",APRIL 20
"2,672,966 views","virat.kohli
Verified
If you have been a victim, witness or a survivor of the domestic violence, please report. ğŸ™ğŸ¼
#LockdownOnDomesticViolence #Dial100 @cmomaharashtra_ #DGPMaharashtra @adityathackeray @aksharacentreindia
30w",APRIL 19
"6,773,263 views","virat.kohli
Verified
While we're all indoors, it's extremely important to do stuff that makes you feel good. Staying well groomed is one of the things that keeps me in the zone. So I thought of trimming my beard at home and giving myself this new look. ğŸ˜Š

Now I want all of you to take the #TrimAtHome challenge and post your new look! ğŸ˜
30w",APRIL 18
0,"virat.kohli
Verified
While we're all indoors, it's extremely important to do stuff that makes you feel good. Staying well groomed is one of the things that keeps me in the zone. So I thought of trimming my beard at home and giving myself this new look. ğŸ˜Š

Now I want all of you to take the #TrimAtHome challenge and post your new look! ğŸ˜
30w",not known
"3,824,936 likes","virat.kohli
Verified
Knowledge of what truly matters in life is a blessing.
31w",APRIL 13
"3,527,555 likes","virat.kohli
Verified
A prayer in unity does make a difference. Pray for every being and stand together ğŸ™
ãƒ»ãƒ»ãƒ»
#Repost @anushkasharma
32w",APRIL 5
"3,995,768 likes","virat.kohli
Verified
Our smiles maybe fake but we are not ğŸ’ğŸ˜œ #StayHome #stayhealthy #staysafe
33w",APRIL 2
"2,408,349 likes","virat.kohli
Verified
Tomorrow at 7 PM IST my good friend @kp24 and I are going live on Instagram. Tune in to catch us chatting about what's happening world over at the moment and also about all the years we've known each other. ğŸ˜Š
33w",APRIL 1
"1,448,961 likes","virat.kohli
Verified
Tomorrow at 7 PM IST my good friend @kp24 and I are going live on Instagram. Tune in to catch us chatting about what's happening world over at the moment and also about all the years we've known each other. ğŸ˜Š
33w",MARCH 30
"4,692,029 views","virat.kohli
Verified
Please wake up to the reality and seriousness

of the situation and take responsibility. The nation needs our support and honesty.
33w",MARCH 27
"5,202,912 views","virat.kohli
Verified
These are testing times and we need to wake up to the seriousness of this situation. Please let us all follow what's been told to us and stand united please. It's a plea to everyone ğŸ™ğŸ™ğŸ™
34w",MARCH 25
"5,987,336 views","virat.kohli
Verified
The need of the hour is to absolutely respect and follow the government's directive. Stay home. Stay safe. Stay healthy. ğŸ™ğŸ»
ãƒ»
#Repost @anushkasharma
Stay Home. Stay Safe. Stay Healthy. ğŸ™ğŸ»
35w",MARCH 20
"2,788,842 views","virat.kohli
Verified
It was great to interact with the @plaympl gamers

Enjoy watching cricket and playing on your favourite fantasy gaming app.ğŸ“±ğŸ˜‰ğŸ¤™ #Ad
35w",MARCH 13
"3,371,034 likes","virat.kohli
Verified
Stay true to the man in the mirror.
36w",MARCH 13
"4,476,703 views","virat.kohli
Verified
Stay true to the man in the mirror.
36w",MARCH 9
"2,793,643 views","virat.kohli
Verified
This Womenâ€™s Day letâ€™s #turnitaround with @staywrogn . Wear your shirts, T-shirts and jackets inside out to stand in solidarity with the women in our lives and around the world.

I invite @kuldeep_18 and @yuzi_chahal23 to #turnitaround and I'd be glad if you guys do so too! ğŸ™ŒğŸ¼ Happy Womenâ€™s Day
.
#staymad #staywrogn #womensday
36w",MARCH 8
"5,898,953 views","virat.kohli
Verified
Are you ready for the #iQOO challenge?
This was my version of it.ğŸ’ª
Think you can do better than this? Then:
1ï¸âƒ£ Share your video with #GetYourQuestOn.
2ï¸âƒ£ Tag @iqooind & me.
3ï¸âƒ£ and nominate your friends for the challenge
.
I nominate @milindrunning and @yuzi_chahal23 to take up the #iQOOchallenge
.
#iQuestOnAndOn #MonsterInside #iQOO
36w",MARCH 7
"3,421,814 likes","virat.kohli
Verified
Change is the only constant ğŸ™ŒğŸ¼
37w",MARCH 5
"3,615,343 views","virat.kohli
Verified
Big ups to the Gaurs on becoming the first-ever Indian club to qualify for the AFC Champions League group stage and topping the ISL League table! ğŸ¥³ğŸ¥³ğŸ¥³ Keep putting in the work. We are all behind you. ğŸ‘ŠğŸ¼ #BeGoa #FCGoainAsia @fcgoaofficial
39w",FEBRUARY 20
"1,949,610 likes","virat.kohli
Verified
Good session out in the middle ğŸ’ªğŸ’ª #NZvIND
39w",FEBRUARY 19
"2,684,495 views","virat.kohli
Verified
You did it guys! Congratulations @dp_1011 @shreyan08 and @setwet.b222 on the win. ğŸ‘ğŸ¼ @staywrogn â€™s new Spring Summer â€˜20 collection is here! Head to my #linkinbio to check it out now! #staymad #staywrogn
.
Winners, stay put. @staywrogn will get in touch with you shortly. ğŸ¥³
39w",FEBRUARY 18
"5,992,752 views","virat.kohli
Verified
5âƒ£0âƒ£ Million strong on @instagram ğŸ’ªğŸ¼
Thank you guys for all the love and support. ğŸ™ğŸ¼ğŸ˜‡
39w",FEBRUARY 18
"2,370,137 views","virat.kohli
Verified
No Off switch included.
#HybridOzone
@pumaindia
39w",FEBRUARY 17
"3,436,869 likes","virat.kohli
Verified
Naya post Sundar dost ğŸ¤ª
39w",FEBRUARY 16
"4,966,313 likes","virat.kohli
Verified
ğŸ˜»
39w",FEBRUARY 15
"3,487,011 likes","virat.kohli
Verified
ğŸ˜‡
41w",FEBRUARY 3
"2,566,741 likes","virat.kohli
Verified
Proud, historic, ecstatic; everything was this moment. ğŸ˜‡ #JaiHind ğŸ‡®ğŸ‡³
41w",FEBRUARY 2
"6,040,266 views","virat.kohli
Verified
Sirf strong nahi, #HameshaKeLiyeStrong. Had a great time shooting this ad for #ShyamSteel #flexiSTRONG #TMT Bars. ğŸ˜Šâ¤
41w",FEBRUARY 1
"2,744,897 likes","virat.kohli
Verified
Rising up to every challenge. What a game! ğŸ’¯ ğŸ‘ŠğŸ‡®ğŸ‡³ #NZvIND
41w",JANUARY 31
"2,652,019 likes","virat.kohli
Verified
Life is a blessing. ğŸ˜‡
42w",JANUARY 30
"3,563,815 likes","virat.kohli
Verified
That's how we do it! ğŸ’ªğŸ¼ğŸ’ªğŸ¼ğŸ’ªğŸ¼ #NZvIND
42w",JANUARY 29
"2,965,247 likes","virat.kohli
Verified
Putting in the work shouldn't be a choice, it should be a requirement to get better.
#keeppushingyourself
42w",JANUARY 28
"1,788,213 likes","virat.kohli
Verified
Absolutely devastated to hear this news today. So many childhood memories of waking up early and watching this magician doing things on the court that I would be mesmerized by. Life is so unpredictable and fickle. His daughter Gianna passed away too in the crash. Iam absolutely Heartbroken. Rest in peace. Strength and condolences to the family ğŸ™
42w",JANUARY 27
"2,229,848 likes","virat.kohli
Verified
Stronger together. ğŸ™ŒğŸ¼ Happy Republic Day to all of us. Jai Hind ğŸ‡®ğŸ‡³
42w",JANUARY 26
"2,180,335 views","virat.kohli
Verified
Your love and support has made this such a memorable journey. As we draw towards the #seasonfinale of @the.superv this Sunday, I want to say thank you to each and everyone one of you. â¤â¤ #SuperVFinaleon26Jan
42w",JANUARY 25
"2,629,602 likes","virat.kohli
Verified
Cracker of a game! ğŸ‘ŠğŸ¼ Good win boys. ğŸ‘ğŸ¼ğŸ˜ @indiancricketteam
42w",JANUARY 24
"1,234,908 likes","virat.kohli
Verified
Stylish, elegant and classy. An absolute beast the Audi Q8 ğŸ˜ğŸ‘ŒGlad to be a part of the launch with Mr Balbir Singh Dhillon, Head @audiin #AudiQ8 #8thDimension
43w",JANUARY 22
"2,771,672 likes","virat.kohli
Verified
Top team gym session and a good meal out in beautiful Auckland ğŸ‘ŒğŸ‘Œ @manishpandeyinsta @royalnavghan @rahulkl
43w",JANUARY 22
"2,112,037 likes","virat.kohli
Verified
Touchdown Auckland. Letâ€™s go ğŸ‡®ğŸ‡³ @shardul_thakur @shreyas41
43w",JANUARY 21
"1,003,178 likes","virat.kohli
Verified
It's an ""Add to Cart"" kind of day. ğŸ›’ ğŸ˜‰
Head to the link in bio to shop @staywrogn ğŸ˜ #StayMad #StayWrogn
43w",JANUARY 20
"2,627,334 likes","virat.kohli
Verified
Soaring High ğŸ†ğŸ‡®ğŸ‡³ğŸ’™ #IndvAus
43w",JANUARY 19
"2,376,891 views","virat.kohli
Verified
Excited to reveal Blends, the latest EDT range of perfume by #one8Fragrances. ğŸ¥³ A scent you just can't miss. ğŸ˜ Go, check out its six intriguing variants exclusively on @flipkart @scentials_world âœŒğŸ¼ (Link in Bio)
.
#ScentialsWorld #Blends #Flipkart
43w",JANUARY 18
"2,453,610 likes","virat.kohli
Verified
ğŸ‘ŠğŸ¼ğŸ‘ŠğŸ¼ğŸ‘ŠğŸ¼ #INDvAUS
43w",JANUARY 17
"1,990,072 likes","virat.kohli
Verified
#Repost @indiancricketteam
ãƒ»ãƒ»ãƒ»
Focus goals? ğŸ¯ğŸ¯
Ask the Skip! ğŸ‘ŒğŸ»ğŸ‘ŒğŸ» #TeamIndia #INDvAUS
44w",JANUARY 13
"2,794,801 likes","virat.kohli
Verified
Hold your ground ğŸ¤œ #one8
44w",JANUARY 12
"2,273,397 likes","virat.kohli
Verified
Way to go! ğŸ’ªğŸ¼ğŸ’ªğŸ¼ğŸ’ªğŸ¼ #strongertogether
44w",JANUARY 10
"1,971,893 likes","virat.kohli
Verified
Ball out of the Bowlers hand and Chholle Bhature for a cheat meal deserve the same kind of focus. ğŸ‘€ğŸ˜„
45w",JANUARY 9
"3,942,620 views","virat.kohli
Verified
A Super Day with Super Kids. ğŸ‘

@the.superv @starsportsindia @starplus @disneyindia
45w",JANUARY 8
"2,380,981 likes","virat.kohli
Verified
Pune âœˆï¸âœˆï¸ @royalnavghan @shardul_thakur
45w",JANUARY 8
"2,050,248 likes","virat.kohli
Verified
Set to go again ğŸ‘ğŸ‡®ğŸ‡³
45w",JANUARY 4
"3,031,608 likes","virat.kohli
Verified
Started from them flip flops, now we here! ğŸ˜ğŸ˜ @pumaindia
46w",JANUARY 3
0,"virat.kohli
Verified
Started from them flip flops, now we here! ğŸ˜ğŸ˜ @pumaindia
46w",not known
"10,997,784 views","virat.kohli
Verified
Happy new year from us to each and every one of you. God bless you all. ğŸ™â¤ï¸ğŸ˜‡
46w","DECEMBER 31, 2019"
"3,487,940 likes","virat.kohli
Verified
No stress about pictures when youâ€™ve got the best photographer taking them for you ğŸ˜ƒğŸ˜ @anushkasharma
46w","DECEMBER 31, 2019"
"4,070,106 likes","virat.kohli
Verified
â„ï¸â›·ğŸ˜ƒ
46w","DECEMBER 28, 2019"
"2,564,389 views","virat.kohli
Verified
Gearing up for @staywrogn End of Season Sale. ğŸ’ªğŸ¼ğŸ’ªğŸ¼ğŸ’ªğŸ¼ Check the link in bio to know more. ğŸ¤“ #StayWrogn
46w","DECEMBER 28, 2019"
"3,801,095 views","virat.kohli
Verified
2020 loading ğŸ˜‰ #one8
46w","DECEMBER 27, 2019"
"2,276,947 likes","virat.kohli
Verified
#TransformationThursday and my reaction says it all ğŸ‘¦ğŸ»â¡ğŸ§”ğŸ»
.
Thanks to my Philips Trimmer for a consistent clear cut performance. @sureshraina3 @royalnavghan ready to show your beard side to the world? ğŸ˜‰ @philipsindia #GetBearder
47w","DECEMBER 26, 2019"
"2,765,940 likes","virat.kohli
Verified
Lights. Camera ğŸ“¸..... #one8
47w","DECEMBER 24, 2019"
"1,770,176 views","virat.kohli
Verified
You do not want to miss this, guys. Make sure you are up and ready to grab great deals. â°
.
Shop @staywrogn at @myntra End of Reason Sale. Check out the link in bio now! ğŸ¤“ #StayMad #StayWrogn
47w","DECEMBER 23, 2019"
"3,159,769 likes","virat.kohli
Verified
Tula maanla re Thakur ğŸ‘ğŸ˜ğŸ˜„ @shardul_thakur
47w","DECEMBER 23, 2019"
0,"virat.kohli
Verified
Tula maanla re Thakur ğŸ‘ğŸ˜ğŸ˜„ @shardul_thakur
47w",not known
"3,275,474 likes","virat.kohli
Verified
A day off and an afternoon with the boys is exactly what we needed ğŸ˜ƒğŸ¤™
48w","DECEMBER 20, 2019"
"2,497,110 likes","virat.kohli
Verified
When we stand together as one, nothing can stop us ğŸ‡®ğŸ‡³
48w","DECEMBER 18, 2019"
"4,066,163 views","virat.kohli
Verified
Thanks @dangerusswilson for this lovely gesture. ğŸ‘ A match jersey is always special to have and I'm happy to receive this. I will be returning the favour very soon. ğŸ˜‰ Looking forward to see you. ğŸ¤™
48w","DECEMBER 13, 2019"
"4,655,875 views","virat.kohli
Verified
#LetKidsPlay

Every athlete starts his or her sporting journey at a young age. Therefore for a bright future in Indian sports we will have to #LetKidsPlay! ğŸ™ğŸ¼ğŸ˜Š @starsportsindia
49w","DECEMBER 12, 2019"
"2,508,999 likes","virat.kohli
Verified
Touchdown Chennai ğŸ¤™ @kuldeep_18 @royalnavghan
49w","DECEMBER 12, 2019"
"2,895,289 likes","virat.kohli
Verified
Super squad ğŸ’¯ ğŸ‡®ğŸ‡³
Thankyou for the fantastic support ğŸ™ŒğŸ¼
49w","DECEMBER 12, 2019"
"4,487,471 likes","virat.kohli
Verified
In reality there is only love and nothing else. And when god blesses you with the person who makes you realise that everyday, you have just one feeling, gratitudeâ¤ï¸
49w","DECEMBER 11, 2019"
"1,463,958 views","virat.kohli
Verified
Shop till you feel hopelessly #WROGN at this year's WTF Sale. ğŸ¤“ Go to the link in Bio @staywrogn
49w","DECEMBER 7, 2019"
"2,712,870 likes","virat.kohli
Verified
Good way to start the series. Lots of positives to take from today's win. ğŸ‘#INDvWI
49w","DECEMBER 7, 2019"
0,"virat.kohli
Verified
Good way to start the series. Lots of positives to take from today's win. ğŸ‘#INDvWI
49w",not known
"3,471,327 views","virat.kohli
Verified
It's not very often I get to walk into a store. But when I do, I know just what to get ğŸ˜ @oceanbeverages @tooyumm @rpsggroup
50w","DECEMBER 4, 2019"
"3,215,738 likes","virat.kohli
Verified
Hyderabad bound ğŸ›« @rahulkl @dubeshivam
50w","DECEMBER 3, 2019"
0,"virat.kohli
Verified
Hyderabad bound ğŸ›« @rahulkl @dubeshivam
50w",not known
"2,890,531 likes","virat.kohli
Verified
ğŸ“¸
50w","DECEMBER 2, 2019"
"691,577 likes","virat.kohli
Verified
A big thank you for the amazing response to @the.superv â¤ï¸
.
Well this is just the start, there is a lot more in store for you in episode 5 this Sunday on @starsportsindia @starplus @disneyindia @hotstar @bawejamovies @cornerstonesport ğŸ˜‰
50w","NOVEMBER 30, 2019"
"2,361,867 views","virat.kohli
Verified
Your style couldnâ€™t be more Wrogn and the prices couldnâ€™t be more right with the biggest sale of the season! ğŸ¤©
.
Head to the link in bio to shop @staywrogn â€˜s #WTF #Sale. ğŸ¥³ .
#StayMad #StayWrogn #menswear #mensstyle
51w","NOVEMBER 29, 2019"
"4,096,106 likes","virat.kohli
Verified
About last night. At the movies with this hottie ğŸ˜â¤ï¸ @anushkasharma
51w","NOVEMBER 28, 2019"
"2,621,748 likes","virat.kohli
Verified
Walking together in the journey of life with nothing But loveâ¤ï¸ @anushkasharma
51w","NOVEMBER 27, 2019"
"2,521,866 views","virat.kohli
Verified
Strong. Fast. Bold. Just the way I love to play.
Volini Maxx fights pain 3 times faster* and helps me focus on the game, not the pain. ğŸ‘ŠğŸ¼
.
So many emotions captured in this video. Watch it till the end and let me know which one's your favourite! ğŸ˜Š
#3xFaster #VoliniMaxx #MyVolini
51w","NOVEMBER 26, 2019"
"1,946,406 likes","virat.kohli
Verified
Love group conditioning sessions. And when Jaddu is in the group, itâ€™s almost impossible to outrun him ğŸ˜ƒğŸ‘Œ. @rishabpant @royalnavghan
51w","NOVEMBER 25, 2019"
"2,223,288 likes","virat.kohli
Verified
Kolkata you have been amazing. ğŸ™ŒğŸ¼
Terrific display by the lads. ğŸ’ªğŸ¼Let's keep the momentum going ğŸ‡®ğŸ‡³
51w","NOVEMBER 24, 2019"
"1,994,579 views","virat.kohli
Verified
à¤¸à¥à¤ªà¤°à¤µà¤¿à¤²à¥‡à¤¨ à¤¨à¤µà¤¾à¤° à¤¨à¥‡ à¤¦à¤¿à¤²à¥à¤²à¥€ à¤•à¥‹ à¤–à¤¤à¥à¤® à¤•à¤°à¤¨à¥‡ à¤•à¤¾ à¤ªà¥à¤²à¤¾à¤¨ à¤¬à¤¨à¤¾ à¤²à¤¿à¤¯à¤¾ à¤¹à¥ˆ! à¤•à¥à¤¯à¤¾ @the.superv à¤‰à¤¸à¥‡ à¤°à¥‹à¤• à¤ªà¤¾à¤à¤—à¤¾?ğŸ˜
.
à¤¦à¥‡à¤–à¤¿à¤¯à¥‡ à¤à¤ªà¤¿à¤¸à¥‹à¤¡ 4 à¤®à¥‡à¤‚ à¤¹à¥‹à¤¤à¤¾ à¤¹à¥ˆ à¤•à¥à¤¯à¤¾ - à¤‡à¤¸ à¤°à¤µà¤¿à¤µà¤¾à¤° à¤•à¥‹ à¤¸à¥à¤¬à¤¹ 9 à¤¬à¤œà¥‡ à¤”à¤° à¤¶à¤¾à¤® 4 à¤¬à¤œà¥‡ à¤¸à¤¿à¤°à¥à¤«  @starsportsindia @starplus @disneyindia @hotstar @bawejamovies @cornerstonesport à¤ªà¤°|
52w","NOVEMBER 21, 2019"
"2,153,974 likes","virat.kohli
Verified
Good practice gets you in sync. All set for the historic test âœŒï¸ğŸ‡®ğŸ‡³
52w","NOVEMBER 21, 2019"
"2,748,764 likes","virat.kohli
Verified
Partners in crimeğŸ¤.. Crime : stealing doubles from fielders at the boundary ğŸ˜ƒ. Guess who ğŸ¤”
52w","NOVEMBER 20, 2019"
"1,250,957 views","virat.kohli
Verified
5 years ago today, something really Wrogn came to life. And since then, everything turned out just right. ğŸ™ğŸ¼ğŸ˜‡ #FutureisWrogn #StayMad #StayWrogn #Grateful
52w","NOVEMBER 20, 2019"
"7,576,660 views","virat.kohli
Verified
No days off. @one8.innerwear
52w","NOVEMBER 18, 2019"
"2,273,404 views","virat.kohli
Verified
Hey guys, I've got something exciting for you from @remittoindia ğŸ˜ .
Refer your friends now through the links below and earn â‚¹2,500 with every referral. Your friend gets â‚¹500 too after the1st transfer
.
USA: http://bit.ly/VK-USA
AUS: http://bit.ly/VK-AUS
.
*T&C Apply. Referral program only available in USA and Australia #Remit2India
52w","NOVEMBER 17, 2019"
"2,234,651 likes","virat.kohli
Verified
Top notch performanceğŸ’¯
Way to go boys ğŸ‘Œ #INDvBAN
52w","NOVEMBER 16, 2019"
"2,533,063 likes","virat.kohli
Verified
Training done âœ”ï¸ Great to be back with the boys ğŸ‘
53w","NOVEMBER 12, 2019"
"6,251,585 views","virat.kohli
Verified
Happy gurpurab to everyone ğŸ™ğŸ˜‡
53w","NOVEMBER 12, 2019"
"2,255,335 views","virat.kohli
Verified
à¤¹à¤® à¤¸à¤¬ à¤•à¥‡ à¤…à¤‚à¤¦à¤° à¤à¤• à¤¸à¥à¤ªà¤° à¤¹à¥€à¤°à¥‹ à¤¹à¥‹à¤¤à¤¾ à¤¹à¥ˆ, à¤¦à¥‡à¤–à¤¿à¤¯à¥‡ à¤•à¥ˆà¤¸à¥‡ à¤µà¤¿à¤°à¤¾à¤Ÿ à¤¬à¤¨à¤¾ @the.superv ğŸ˜
.
There is a superhero within all of us ğŸ™Œ
Catch the 2nd episode of #SuperV this Sunday at 9.00am on @starsportsindia @starplus @disneyindia @cornerstonesport @bawejamovies .
#SuperV #Superhero
53w","NOVEMBER 9, 2019"
"934,549 likes","virat.kohli
Verified
Watch me play LIVE in New Zealand. ğŸ˜

SWIPE â¡ and follow the steps to participate. Also, 10 lucky winners will stand a chance to win prizes from @scentials_world #one8fragrances #ClickToFly âœˆï¸
54w","NOVEMBER 7, 2019"
"3,771,214 likes","virat.kohli
Verified
When you get a chance to come close to the beauty of nature, thoughts cease and you become one with the moment and merge with the divine energy. So grateful â¤ï¸ğŸ˜‡
54w","NOVEMBER 7, 2019"
"5,364,603 likes","virat.kohli
Verified
What a blessing to be able to visit such divine places with my soulmate. Also thank you everyone for your kind wishes from the bottom of my heart. ğŸ™ğŸ˜‡â¤ï¸
54w","NOVEMBER 5, 2019"
"2,255,142 likes","virat.kohli
Verified
My journey and life's lessons explained to a 15-year old me. Well, I tried my best writing this down. Do give it a read. ğŸ˜Š #NoteToSelf
54w","NOVEMBER 5, 2019"
"2,053,771 likes","virat.kohli
Verified
@pumaindia always stepping up their sneaker game ğŸ”¥

Loved the new RS 9.8 from the PUMA x TETRIS Collab ğŸ’¯
Grab yours at select Puma stores and at in.puma.com ğŸ¤™
54w","NOVEMBER 2, 2019"
"2,066,161 likes","virat.kohli
Verified
A good cover drive is therapeutic ğŸ™Œ
54w","NOVEMBER 1, 2019"
"1,480,592 views","virat.kohli
Verified
When the tribe comes together, everything goes perfectly WROGN. ğŸ‘Œ

Had a great time shooting for @staywrogn #AW19 #WrognTribe
55w","OCTOBER 31, 2019"
"2,515,867 views","virat.kohli
Verified
Caption this ğŸ˜‰
55w","OCTOBER 30, 2019"
"1,890,877 views","virat.kohli
Verified
So here it is! With every festive combo purchase, you stand a chance to win a miniature bat, signed by me. So hurry and check the link in bio today! @muveacoustics_ #GiftOfPureSound
55w","OCTOBER 29, 2019"
"1,729,087 views","virat.kohli
Verified
But before that here's what my friends at @muveacoustics_ did to celebrate the #GiftOfPureSound.
55w","OCTOBER 29, 2019"
"506,956 likes","virat.kohli
Verified
I've got something special to add to your festive celebrations. Stay tuned to this space to find out more. @muveacoustics_ #GiftOfPureSound
55w","OCTOBER 29, 2019"
"4,795,201 likes","virat.kohli
Verified
Happy Diwali to everyone. May the Festival of Lights light up your lives and bring more love and peace to all ğŸ™ğŸ˜‡â¤ï¸
55w","OCTOBER 27, 2019"
"2,744,633 likes","virat.kohli
Verified
The beautiful thing about sport is that rivalries stay on the field and just with a smile and an open mind all tension between athletes can be put to rest. Play hard on the field but always be up for a laugh off itğŸ˜ƒ. What a blessing to have gotten to know so many amazing people through sport. ğŸ™ @eoinmorgan16 @abdevilliers17
55w","OCTOBER 26, 2019"
"2,535,008 views","virat.kohli
Verified
Back at it, surprising those shopping #Oceanone8 ğŸ˜. Had a good time interacting with everyone. Thanks @oceanbeverages for making this possible. #PlayTheDay #one8
55w","OCTOBER 26, 2019"
0,"virat.kohli
Verified
Back at it, surprising those shopping #Oceanone8 ğŸ˜. Had a good time interacting with everyone. Thanks @oceanbeverages for making this possible. #PlayTheDay #one8
55w",not known
"3,096,227 views","virat.kohli
Verified
This superhero is capable of doing things even I can't! ğŸ˜
.
Watch the brand-new animated series #SuperV airing on my birthday - on @starplus @disneyindia @starsportsindia and @hotstar
.
Nov 5 - Save the date! ğŸ˜‰
56w","OCTOBER 24, 2019"
"1,811,877 likes","virat.kohli
Verified
The new Audi A6 is here and there isnâ€™t a better way to start this yearâ€™s festivities. It was a pleasure being at the launch with the Head of Audi India Balbir Singh Dhillon. Check out the new A6, itâ€™s brand new, inside and out. ğŸ˜ @audiin #AllNewAudiA6 #Ad
56w","OCTOBER 24, 2019"
"2,139,036 likes","virat.kohli
Verified
#WaybackWednesday
56w","OCTOBER 23, 2019"
"3,181,645 views","virat.kohli
Verified
Now that's a good idea to test the Air Conditioning by getting more Virats in a room ğŸ™ƒ Agree?
Glad to be a part of this fun film by @bluestar_ltd @cool_my_world âœŒğŸ¼
56w","OCTOBER 22, 2019"
"1,864,651 likes","virat.kohli
Verified
So proud of this amazing team and the hard work which is put in day in and day out.
Onwards and upwards ğŸ’¯ğŸ’ª
56w","OCTOBER 22, 2019"
"1,593,990 likes","virat.kohli
Verified
Positive spirits in today's training session. All set for tomorrow! ğŸ’ªğŸ¼
56w","OCTOBER 18, 2019"
"4,978,530 likes","virat.kohli
Verified
The ones who fast together laugh together â¤ï¸ğŸ˜ƒ. Happy karvachauth ğŸ˜‡
57w","OCTOBER 17, 2019"
"3,229,474 views","virat.kohli
Verified
You and your friend could win an all-expense-paid trip to New Zealand! ğŸ‘ Follow the instructions in the video to know more. @scentials_world #one8Fragrances #Ad
57w","OCTOBER 17, 2019"
"2,623,230 likes","virat.kohli
Verified
Don't worry be happy! ğŸ˜ƒ
57w","OCTOBER 16, 2019"
"895,653 likes","virat.kohli
Verified
When the Wrogn side beckons, ride into it with laughter and a spirit of adventure.ğŸ˜‰ @staywrogn AW'19 collection out now. Link in bio. #StayMad #StayWrogn
57w","OCTOBER 14, 2019"
"2,098,017 likes","virat.kohli
Verified
Great team effort and spirit shown by the boys. ğŸ‡®ğŸ‡³ #INDvSA
57w","OCTOBER 13, 2019"
"1,920,300 views","virat.kohli
Verified
Shooting can be hectic but had a great time on set thanks to #Wellman ğŸ˜‰ #StayFitBeSharp @wellnessforindia90
58w","OCTOBER 7, 2019"
"2,096,666 likes","virat.kohli
Verified
Happy bday mad one. ğŸ’ªğŸ˜˜
58w","OCTOBER 6, 2019"
0,"virat.kohli
Verified
Happy bday mad one. ğŸ’ªğŸ˜˜
58w",not known
"1,782,608 likes","virat.kohli
Verified
Always looking forward to Test Cricket! ğŸ
59w","OCTOBER 1, 2019"
"2,002,326 views","virat.kohli
Verified
Being restless is no more uncomfortable ğŸ‘Š
@one8.innerwear
Link in Bio
.
#one8innerwear #TheBigBillionDays @Flipkart
59w","SEPTEMBER 30, 2019"
"2,278,035 likes","virat.kohli
Verified
Glad to be back for the 2nd edition of @indiansportshonours . A good initiative to honour those who won laurels for the country and encourage those who will be the future of Indian sports. ğŸ‡®ğŸ‡³#BlueRising @cornerstonesport @rpsggroup @vkfofficial
59w","SEPTEMBER 28, 2019"
0,"virat.kohli
Verified
Glad to be back for the 2nd edition of @indiansportshonours . A good initiative to honour those who won laurels for the country and encourage those who will be the future of Indian sports. ğŸ‡®ğŸ‡³#BlueRising @cornerstonesport @rpsggroup @vkfofficial
59w",not known
0,"virat.kohli
Verified
Glad to be back for the 2nd edition of @indiansportshonours . A good initiative to honour those who won laurels for the country and encourage those who will be the future of Indian sports. ğŸ‡®ğŸ‡³#BlueRising @cornerstonesport @rpsggroup @vkfofficial
59w",not known
"1,361,360 likes","virat.kohli
Verified
When the style quotient is as next-level as your performance, you'll never say no to workouts. ğŸ’ª Training in LQDCELL Tension one8. #one8 @pumaindia ğŸƒğŸ»
60w","SEPTEMBER 26, 2019"
0,"virat.kohli
Verified
When the style quotient is as next-level as your performance, you'll never say no to workouts. ğŸ’ª Training in LQDCELL Tension one8. #one8 @pumaindia ğŸƒğŸ»
60w",not known
"2,383,654 likes","virat.kohli
Verified
ğŸ‡®ğŸ‡³ğŸ¤
60w","SEPTEMBER 21, 2019"
"1,807,222 likes","virat.kohli
Verified
Swipe â© and let me know which one's your favourite. ğŸ˜‰
.
Excited to launch the one8 AW â€™19 collection along with the one8 kids range.ğŸ‘¦ğŸ»
Check out the link in Bio. #one8 @pumaindia
60w","SEPTEMBER 20, 2019"
"3,015,358 likes","virat.kohli
Verified
Me looking at my younger self going ğŸ™…â€â™‚ï¸ğŸ¤¦â€â™‚ï¸. #throwback #16yearsold
61w","SEPTEMBER 20, 2019"
"1,930,285 likes","virat.kohli
Verified
I love this game ğŸ’™
See you in Bengaluru ğŸ™ğŸ¼ #INDvSA
61w","SEPTEMBER 18, 2019"
"2,457,742 likes","virat.kohli
Verified
ğŸ¥¶â„ï¸. Pic credit once again @anushkasharma ğŸ˜â¤ï¸
61w","SEPTEMBER 17, 2019"
0,"virat.kohli
Verified
ğŸ¥¶â„ï¸. Pic credit once again @anushkasharma ğŸ˜â¤ï¸
61w",not known
"2,728,450 likes","virat.kohli
Verified
Mohali bound âœˆï¸ @hardikpandya93 #travelinstyle
61w","SEPTEMBER 16, 2019"
"2,902,632 likes","virat.kohli
Verified
Caught in the moment. Pic credit @anushkasharma â¤ï¸
61w","SEPTEMBER 16, 2019"
"1,394,725 likes","virat.kohli
Verified
Eyes on the ball! ğŸ‘€
#IndvSA
61w","SEPTEMBER 14, 2019"
0,"virat.kohli
Verified
Eyes on the ball! ğŸ‘€
#IndvSA
61w",not known
"2,333,508 likes","virat.kohli
Verified
Thank you @ddcacricketofficial and @indiancricketteam for bestowing this honour upon me. The pavilion will remind me of my journey in life and in cricket but most importantly I hope it will serve as an inspiration for the next generation of young cricketers of our nation.
62w","SEPTEMBER 13, 2019"
"3,850,347 likes","virat.kohli
Verified
Ready to roll. @one8select ğŸ‘€ğŸ‘
62w","SEPTEMBER 12, 2019"
"2,919,747 likes","virat.kohli
Verified
A game I can never forget. Special night. This man, made me run like in a fitness test ğŸ˜„ @mahi7781 ğŸ‡®ğŸ‡³
62w","SEPTEMBER 12, 2019"
"2,214,932 views","virat.kohli
Verified
Our actions can make a big difference. Let's give back to the environment by making the right choices. â™»ï¸ See you guys tomorrow! ğŸ˜Š
@fssai_safefood @drharshvardhanofficial
.
#EatRightIndiaMovement #SustainableLiving #Oceanone8
62w","SEPTEMBER 11, 2019"
"4,447,368 likes","virat.kohli
Verified
â¤ï¸
62w","SEPTEMBER 11, 2019"
"3,263,745 views","virat.kohli
Verified
Major announcement coming your way. ğŸ“¢ Are you up for it? Watch this space tomorrow for more details.
#EatRightIndiaMovement #SustainableLiving #Oceanone8
62w","SEPTEMBER 10, 2019"
"3,504,698 likes","virat.kohli
Verified
ğŸ‘€ğŸ’«
62w","SEPTEMBER 8, 2019"
"1,105,874 views","virat.kohli
Verified
Let's break free and unleash the madness. It's time to join THE WROGN TRIBE. ğŸ˜‰ Head over to the link in my bio to know more. #StayMad #StayWrogn
62w","SEPTEMBER 7, 2019"
"2,201,606 views","virat.kohli
Verified
A teacher is the one who guides you on your chosen path. Thank you for guiding me along the way, Rajkumar Sir. ğŸ™ğŸ¼ğŸ˜‡ Here's something from @one8select to brighten up your day. ğŸ˜Š #HappyTeachersDay.
63w","SEPTEMBER 5, 2019"
"2,496,962 likes","virat.kohli
Verified
As long as we look within, we won't need to seek anything outside. ğŸ’«
63w","SEPTEMBER 5, 2019"
"2,362,646 likes","virat.kohli
Verified
Feels great to win our first series in the Test Championship. ğŸ’ªğŸ¼
Thorough performance by the team overall, blessed to be a part of this special unit. ğŸ˜‡
63w","SEPTEMBER 3, 2019"
"2,446,891 likes","virat.kohli
Verified
Looking at the bright side ... always ğŸ˜ğŸ’« @muveacoustics_
64w","AUGUST 29, 2019"
"2,135,257 views","virat.kohli
Verified
Take a step, spread the joy. ğŸ˜Š Go to any @pumaindia store or Puma.com and make it happen. ğŸ™ğŸ¼ #Steppin #PUMAxGoonj
64w","AUGUST 27, 2019"
"3,184,297 views","virat.kohli
Verified
ğŸ‘ğŸ‘ğŸ‘
.
#Repost @vkfofficial
.
VKF Athlete Sumit Nagal inducted in to the foundation in 2018, takes a monumental leap by qualifying for his first ever Grand Slam Singles main draw event at the US Open by knocking out Brazil's Joao Menezes(5-7,6-4,6-3)
.
Ranked at a career best 190. He is only the 5th Indian in this decade to achieve this feat & will face-off with Roger Federer in the 1st round!
#VKF #ViratKohliFoundation #SumitNagal #Tennis #USOpen
@nagalsumit @virat.kohli @usopen
.
ğŸ“¸ - Mathew Reiter Tennis
64w","AUGUST 26, 2019"
"2,009,144 likes","virat.kohli
Verified
Clinical Victory and outstanding bowling effort! ğŸ™ŒğŸ»
64w","AUGUST 26, 2019"
"4,223,182 likes","virat.kohli
Verified
ğŸ’‘â¤ğŸŒ
65w","AUGUST 21, 2019"
"3,895,543 likes","virat.kohli
Verified
Stunning day at the beach with the boys ğŸ‡®ğŸ‡³ğŸ‘ŒğŸ˜
65w","AUGUST 21, 2019"
"3,304,010 views","virat.kohli
Verified
I never seem to run out of excuses to drive an Audi. ğŸ˜„ Here are a few of them! ğŸ¤“ #Ad

#Repost @audiin (@get_repost)
ãƒ»ãƒ»ãƒ»
#AnyExcuse to drive an Audi.
@virat.kohli has given his, whatâ€™s yours? #Audi
65w","AUGUST 21, 2019"
"1,786,440 views","virat.kohli
Verified
New yÌ¶eÌ¶aÌ¶rÌ¶ season. New you. ğŸ˜‰ AW'19 collection out now! Check the link in bio. @staywrogn
65w","AUGUST 20, 2019"
"2,998,308 likes","virat.kohli
Verified
From starting as a teenager on the same day in 2008 to reflecting on the journey 11 years after on this present day in 2019, I couldn't have dreamt of the blessings God has showered me with. May you all get the strength and power to follow your dreams and always follow the right path. ğŸ‡®ğŸ‡³ğŸ™ğŸ˜‡. #forevergrateful
65w","AUGUST 19, 2019"
"1,075,346 likes","virat.kohli
Verified
Here's something special from @remittoindia to all Indian fans across the globe who always support us. ğŸ˜ŠğŸ™ğŸ¼
.
Use the code INDIA15 and get $15 Gift Voucher on your next money transfer back home. Visit www.remit2india.com today #Remit2India #PromisesComeHome #Ad
65w","AUGUST 16, 2019"
"2,139,404 likes","virat.kohli
Verified
Great win last night and top batting in both games by this dude ğŸ¤™ğŸ˜
66w","AUGUST 15, 2019"
"2,236,125 likes","virat.kohli
Verified
Top win and top bowling from this guy . ğŸ‡®ğŸ‡³ğŸ‘
66w","AUGUST 12, 2019"
"7,330,878 views","virat.kohli
Verified
Better late than never.ğŸğŸ˜
#BottleCapChallenge
66w",not known
